<?xml version="1.0" encoding="utf-8" standalone="yes"?>
<rss version="2.0" xmlns:atom="http://www.w3.org/2005/Atom">
  <channel>
    <title>摘录 on ObsidianArch的随想录</title>
    <link>https://ObsidianArch02.github.io/tags/%E6%91%98%E5%BD%95/</link>
    <description>Recent content in 摘录 on ObsidianArch的随想录</description>
    <generator>Hugo -- gohugo.io</generator>
    <language>zh-hans</language>
    <lastBuildDate>Thu, 05 Aug 2021 15:53:00 +0800</lastBuildDate><atom:link href="https://ObsidianArch02.github.io/tags/%E6%91%98%E5%BD%95/index.xml" rel="self" type="application/rss+xml" />
    <item>
      <title>摘录 1</title>
      <link>https://ObsidianArch02.github.io/post/%E6%91%98%E5%BD%95-1/</link>
      <pubDate>Thu, 05 Aug 2021 15:53:00 +0800</pubDate>
      
      <guid>https://ObsidianArch02.github.io/post/%E6%91%98%E5%BD%95-1/</guid>
      <description>源自一个东方二创视频评论，但是很可惜，我已经找不到出处了。 高动态范围的影像也好，极富日本风味的情景也好，都敌不过真正的天空的颜色。仍拥有这种前一个时代的认识的人，恐怕已经不存在了。虚拟的感觉，比起现实</description>
    </item>
    
  </channel>
</rss>
