[{"content":"有时候，シャイ只感到恐惧，或头痛，或疲劳。シャイ当然知道需要做的事情仍有很多很多，但シャイ不想做。シャイ担忧不做这些事情会带给我不小的后果，这些事不得不做，或许说，不做这些事情会使シャイ陷入更大的恐惧之中。 尽管如此，シャイ仍然选择发呆，或只是写一点东西。シャイ真觉得我这是在虚度光阴，但这种不做什么事的生活方式使シャイ感到轻松。也许シャイ有时候会在发呆的时候听一些音乐之类的，也许有时候只是单纯发呆，也许有时候只是直接睡觉，无论怎么样，发呆之后，シャイ只感到悲伤与痛苦。\n","date":"2021-11-28","permalink":"https://ObsidianArch02.github.io/post/%E9%9A%8F%E6%83%B3%E5%BD%95-15/","tags":null,"title":"随想录 15"},{"content":"校园生活带给シャイ的痛苦并不是所谓“枯燥的作业”与“充斥着睡意的课堂”，シャイ只是痛恨体育课而已，シャイ只是痛恨体育课只能打篮球而已，更该死的是，明明已经高三，为何相比高二，体育课变得更多了……\n倒也不是我讨厌运动，シャイ曾经十分享受于每一次长跑之中，曾经长跑是シャイ缓解压力的一种方式，倒也不是喜欢长跑，只不过觉得这样自己可以无拘无束地放飞自我罢了，只不过觉得这样自己可以完全按照自己的想法来罢了。\nシャイ想必是不可能篮球考试及格了，但是我又能怎么办呢？我曾尝试去上别的项目，但是仔细一想，还是算了，在哪里シャイ都不可能考试及格了。\n说实话，シャイ不喜欢篮球，シャイ只不过认为那是一种粗野的运动，或许连运动也称不上，更像是个炫耀手段。\n 但实际上，对于绝大多数事物，还是尝试一下比较好，尽管刚开始的时候劝退感非常强。\n尝试新事物、新方法是需要付出一定代价的，有时结果可能十分糟糕，但是如果不尝试一下的话永远也不知道那些新事物、新方法会不会正向地改变自己。通常，主动放弃机会是一种不好也不坏的选项。但是如果是自己主动寻求机会，然后主动放弃机会，那就好不到哪里去了。既然刻意去做了，为什么还要放弃呢？\n","date":"2021-11-28","permalink":"https://ObsidianArch02.github.io/post/%E9%9A%8F%E6%83%B3%E5%BD%95-14/","tags":null,"title":"随想录 14"},{"content":"シャイ难得回郊区一趟。\n傍晚，シャイ登上楼顶，本来シャイ是想要拍一张晚霞的照片，由于シャイ来晚了，天空中只剩下地平线附近一些残存的光了。\n幸运的是，这些残存的光使天空呈现出浅紫色，シャイ觉得非常好看。\nシャイ非常容易沉醉于这种如梦似幻般的朦胧色彩之中，然后想要留存下来，大多数时候这种想法都是徒劳的。这种色彩仿佛难以保存在数字化文件里，得看运气，シャイ这次运气不错。\n除此之外，烟囱上的砖头貌似已经不在自己原来的位置上了，也许是前几个月的大风吹下来的。\n砖头仿佛获得了另一种自由，但实际上砖头连屋顶都下不去，就连旁人都不屑于将砖头扔下去，认为这么做是会伤了地面的。至于砖头会不会碎，并没有什么人关心。\n砖头也许会被重新砌到别的什么墙上，动弹不得，但迟早有一天，砖头还是会掉下来。\n（当シャイ输入“qi”的时候输入法给シャイ推荐了🏳️‍⚧️，但是シャイ之前从没有输入过这个emoji符号，这让シャイ非常担心自己隐私已经泄漏了）\n","date":"2021-11-24","permalink":"https://ObsidianArch02.github.io/post/%E9%9A%8F%E6%83%B3%E5%BD%95-13/","tags":null,"title":"随想录 13"},{"content":"手办“HOBBYMAX 绫波丽 Ver.RADIO”看上去穿搭不错！\n相关信息：\n 制作：HobbyMax 发售时间：2021年3月 售价：12800日元 原画：米山舞 比例：1/7 高度：25cm  ","date":"2021-10-02","permalink":"https://ObsidianArch02.github.io/post/%E9%9A%8F%E6%83%B3%E5%BD%95-12/","tags":["随想录"],"title":"随想录 12"},{"content":"前些天看到在QQ群中的一些言论：\n“那些没接触过亚文化的家长想消灭这些的欲望，是不是和我想消灭短视频的欲望有相通之处？当然不通之处海了去。”\n“比如说对我而言，短视频就和蚊子一样，我希望世界上没有蚊子。但是如果你告诉我短视频有好处，那我也告诉你蚊子有维持物种多样性的好处诸如此类。”\n 无论怎样，最近一段时间官方对亚文化“整治”行动的规模确实可以说比较大了。\n未必见得各种亚文化圈子有什么真正违规的地方，也正如上面所述，问题不出在亚文化圈子本身上。\n","date":"2021-10-01","permalink":"https://ObsidianArch02.github.io/post/%E9%9A%8F%E6%83%B3%E5%BD%95-11/","tags":["随想录"],"title":"随想录 11"},{"content":"书读少了，就容易陷入肤浅的娱乐之中。\n人总是有所追求的，换句话说，生活是需要内驱力的。大多数情况下，人们迫于无奈，追求及时行乐。肤浅的娱乐容易使人获得短暂的“快乐”，为了持续性的“快乐”，人们便愈加渴求这些肤浅的娱乐，最终迷失自我，即所谓“娱乐至死”。\n所谓无痛的娱乐方式确实很令人着迷，但是除了肤浅的快乐，还能带来什么？\n","date":"2021-08-29","permalink":"https://ObsidianArch02.github.io/post/%E9%9A%8F%E6%83%B3%E5%BD%95-10/","tags":["随想录"],"title":"随想录 10"},{"content":"做题家的前半生 所谓做题家，是希望在高考中拿到好成绩，以此成就美好人生的人，他们通过刷题这种简单而有效的手段来提高自己。做题家的手段是切实可行的，做题家的目标是积极向上的，唯一的问题在于，当所有人都不自觉地成为做题家，激烈的竞争就变得不可避免，内卷的形式便形成了，这是几乎所有人都不愿意发生的事。\n非常讽刺的是，成为做题家这一决策是否“划算”，很大程度上与一个人的出身有关。我们经常看到的情况是，一些人很早就去学习艺术、去留学，即便成为玩乐党仍能拥有较好的生活，这无疑是令人羡慕的。但是如果被这种表象所迷惑，尝试去追求这种生活，对于普通人来说，无疑是非常危险的。\n一种说法是这样的，你的出身决定了你的下限，你的努力程度决定了你的上限。这种说法还是有一定的参考价值的。\n我们应该做的是：弥补自己的缺陷、提高自己的优势。而不是强调自己的缺陷，然后自暴自弃，并希望得到他人的关怀。\n背后 内卷的形式无疑暗示着社会问题，无尽的社会内耗势必会造成不小的损失。要想要前进，解决问题是避免不了的。\n","date":"2021-08-26","permalink":"https://ObsidianArch02.github.io/post/%E9%9A%8F%E6%83%B3%E5%BD%95-9/","tags":["随想录"],"title":"随想录 9"},{"content":"我本不觉得保留记忆是可悲的。\n 经常瞥见旁人在刷短视频，免不了的是短视频音频的刺耳噪音。只是在某些时候并不是这样，甚至听到了坂本龙一的rain，这种情况是少有的；于是我带着一丝希望，问道：\n“这个曲子好像挺不错的？”\n“啊？哪个？”\n屏幕上方，跳跃的手指持续地扭动……\n据说有一种短视频博主专门做”电影评论“，能在短短十几分钟内将长达一两个小时的电影讲得十分透彻。我惊叹于他们这种高超的概括技巧，却未曾想过是什么造就了他们极高的语言天赋。\n”看（持续时间）那么长的电影，记得住多少（情节内容）呢，还不如十来分钟看一遍。“\n“你刚刚说什么来着？”\n 保留记忆可能是我特别的可悲之处吧。回忆带给我痛苦，带给我悲伤，那些记忆确实应该全部扔掉，留着做什么呢？\n","date":"2021-08-23","permalink":"https://ObsidianArch02.github.io/post/%E9%9A%8F%E6%83%B3%E5%BD%95-8/","tags":["随想录"],"title":"随想录 8"},{"content":"太痛苦了，在做一件事之前永远不知道做这件事有多困难……\n一开始：\n“Failed to connect to github.com port 443: Operation timed out”\n再次尝试：\n“Failed to connect to github.com port 443: Operation timed out”\n……\n第4次尝试：\n“Failed to connect to github.com port 443: Operation timed out”\n骂骂咧咧报了一句粗口，然后再次尝试，就好了？\n是不是还看脸色啊？\n原因 自从 3 月初某会开始，很多地区已经间歇性无法访问 Github 了。\n这种情况无论是改 DNS 还是改 Hosts 都没用，因为是土啬对 Github 域名 SNI 封锁，任意 IP 指向 Github 去访问时，该 IP 的 443 端口就会超时 3 分钟！\n因为是随机干扰的，所以有时候会碰到 “短暂” 可用的 IP（模拟丢包、伪装为网站自身网络问题，小白很吃这一套）。\n分析 来自 只要 Github 域名指向任意 IP，该 IP 的 443 端口就会超时 3 分钟（TCPing， 80 端口正常），求解！ - V2EX\n  从前几天开始，我发现 Github 总是频繁无法访问（直连），而我这么多年很少遇到这种情况。\n稍微注意了下，发现竟然有规律，于是花了一下午时间不停测试，得出了一些不成熟的结论。\n 测试环境：Windows10 （联通家庭宽带）、Android 手机（联通 4G ）  一开始我是拿了一些 github . com 的 IP 放在 Hosts 文件中轮番指向 github . com 来测试。\n一旦指向后去访问 Github，就会发现这个 IP 的 443 端口会超时（ TCPing ），然后浏览器提示超时。\n如果我关闭网页（避免浏览器一直重试），等 3 分钟后（ TCPing 超时 90 次，超时时间 2 秒） 443 端口就通了。\n在此期间，该 IP 的 80 端口和 ICMP Ping 是一直正常通顺的，只有 443 端口超时。 在此期间，整个局域网下全都 443 超时（准确说是整个宽带网络下），而独立的手机 4G 网络 TCPing 443 正常（包括其他在线端口测试网站也都 443 正常，国外更不用说了一切正常）。 在此期间，对该 IP 进行 TCP 路由追踪时，会在出口处完全中断。   看到这里，其实就发现不对劲了，于是我又尝试手机共享流量数据网络给电脑，同样可以复现。\n这时候，因为手机和电脑在同一个局域网（流量数据网络）下，所以也都 443 超时的。\n 测着侧着，突发奇想如果指向其他非 Github 的 IP 会怎么样？\n于是我就找了个能用的 Cloudflare CDN IP （只要 443 端口可以 TCPing 就行）指向 Github 后，发现也会出现 443 端口超时的情况。。。\n我也尝试过把 Github 的 IP 指向其他域名，结果一切正常，没有出现类似情况，只是针对 Github 。\n 因为持续测试了好几个小时的原因，还发现了一些其他机制：\n触发时间 /超时时间 有时候是一旦触发条件，就会直接超时 3 分钟（ TCPing 超时 90 次，超时时间 2 秒），期间完全超时。\n而有的时候是这 3 分钟期间还会漏掉一些正常延迟的 TCPing 结果，但经过测试依然无法访问网页，应该是模拟丢包。\n而有的时候触发条件后，如果立即停止访问 Github，则就会发现 443 端口不再超时了。而如果一直不停的重试网页，那么超时时间就会无限长（重置为 3 分钟），这时候再去停止重试网页，超时时间就固定为 3 分钟了。\n随机 /轮番针对 有意思的是，似乎是随机或轮番针对 Github IP 的。\n因为我发现有时候 IP A 在某一段时间内是可以正常访问的，相应其他的 IP B C D 等这段时间就会无法使用（一旦访问就 443 超时）。而过一段时间 IP A 又无法访问了，但又有另一个 IP B 可以正常访问了（顺序没有发现规律）。\n也就是说，在任意时间总有一个（或几个） IP 是可以正常访问的，且不停变换。\n 目前为止，我只在我的联通宽带+联通 4G 网络下可以稳定复现，不清楚其他地区、运营商是否也一样。\n欢迎大家测试、交流、分析。\n ","date":"2021-08-22","permalink":"https://ObsidianArch02.github.io/post/%E5%85%B3%E4%BA%8E-github-%E8%AE%BF%E9%97%AE%E7%BC%93%E6%85%A2%E8%BF%99%E4%BB%B6%E4%BA%8B/","tags":["随想录"],"title":"关于 GitHub 访问缓慢这件事"},{"content":"丢失记忆的恐惧 我总感觉回忆总是带给我不少痛苦，并且，在许多时候，我非常担忧我没有完成的臆想任务。尽管如此，我仍然无法克制自己不断的去回忆往事，尽管这是非常痛苦的，但是我坚信如果我忘记这些看似无关紧要的事情，我会陷入更大的痛苦之中。\n事实上，早在我上小学的时候，我就有这个不断回忆的习惯了。我记得当时我经常会有一些有趣的想法，但是我手边不总是有纸条可以让我记录下来，当然，更没有手机备忘录；我害怕我会忘了这些所谓有价值的想法，就强迫自己在短时间内多次回忆这些我本不必记下的想法。当时为了减轻记忆的痛苦，我常常会随身携带纸笔，对于那时的我来说，随身携带一些精心裁剪过的小纸片总是带给我不小的满足感。 当然，我现在当然是不会随身携带纸笔了，不仅仅是因为有手机之类便捷的工具。\n一种合理的解释是这样的，我常常不小心丢失了我很珍惜的事物，因而对“丢弃”这种行为极其谨慎。\n","date":"2021-08-19","permalink":"https://ObsidianArch02.github.io/post/%E9%9A%8F%E6%83%B3%E5%BD%95-7/","tags":["随想录"],"title":"随想录 7"},{"content":"鲁迅对于荷花淀的评价值得一读\n“喜欢ta（这部作品），留下ta，这便是艺术吧……”\n 我忍不住去操场上跑步，她坐在操场上，与好友谈人生，大概如此。每当将要近乎窒息，我闭上眼，抬起头，只管向前冲，我就感到片刻的放松。\n灌下了一瓶水，我侧坐着，不一会儿就感到腥味涌上来了。\n “我怎么还没有离开这真实的地方呢？”\n 为什么压力越大，越喜欢晚睡？\n疲劳可以麻木焦虑。\n晚睡，是一个等待疲劳掩盖焦虑的过程。\n 《缘之空》春日野穹\n精致、弱小、努力，其实还很善良的女孩，为什么不喜欢？\n她十分任性，又十分痴情。对待一个自己所爱的人时又会不顾一切。她宁愿选择死亡也不愿放弃追求自己的爱情，为了自己的挚爱又可以改变许多，丝毫不在意外界的目光。\n这既是令人敬服的优点，也是很致命的缺点。\n 苛市猛于鬼也\n","date":"2021-08-10","permalink":"https://ObsidianArch02.github.io/post/%E9%9A%8F%E6%83%B3%E5%BD%95-6/","tags":["随想录"],"title":"随想录 6"},{"content":"源自一个东方二创视频评论，但是很可惜，我已经找不到出处了。\n高动态范围的影像也好，极富日本风味的情景也好，都敌不过真正的天空的颜色。仍拥有这种前一个时代的认识的人，恐怕已经不存在了。虚拟的感觉，比起现实更刺激人类的感官。就好像梦与现实无法区分一样，就好像人与蝴蝶无法区分一样，虚拟与现实是绝对无法区分的，这是现在人们的常识。\n","date":"2021-08-05","permalink":"https://ObsidianArch02.github.io/post/%E6%91%98%E5%BD%95-1/","tags":["摘录"],"title":"摘录 1"},{"content":"风暴中的幻想 雨慢慢变小了。\n昨夜的疾风骤雨使人寒战，而现在，只是有一些风，有别于往常夏夜，冷，诡异，耳边只有窗帘起伏的摩擦声以及蝉鸣，但是毫不安静。 蓝色的海，粉色的天，白色的衣，那是梦，一切都被精致地安排在一起。暗黄的灯，深绿落叶，幽蓝天空，这是夜，一切都被混合在风中。 粉色的海螺最终消失在白浪中，卷入无尽的蓝色之中。闭上眼，仿佛天空开始模糊，离你远去，随之而来的是惊醒，昏黄的灯光透入眼帘，昏暗而刺眼。\n桌子上，朴素的白色纸袋装着粉色的糖，在耀眼的光芒下，折射出浅蓝色的透明质感，令人感到可遇而不可求。\n","date":"2021-07-29","permalink":"https://ObsidianArch02.github.io/post/%E9%9A%8F%E6%83%B3%E5%BD%95-5/","tags":["随想录"],"title":"随想录 5"},{"content":"在忘却的救主到来之前……\n“5月28日下午，我听到了一些笑声。”\n“关系中相互的共有应答性，是不那么容易建立起来的。”\n“共有应答性，指的是在多大程度上，一个人发自内心地觉得自己对关系中另一方的幸福负有责任，并且不带附加条件地照顾ta的需求。”\n“从共有应答性的程度上说，每个人同时拥有多种关系，我们对不同关系中另一方幸福所承担的责任程度是不同的，这就意味着，关系不同，程度不同。这种差异体现在每个人对彼此的应答投入了多少的时间、精力和金钱上。”\n当然，由于激素的调控，一些“不由自主”的尝试往往是不可避免的，或早或晚。对于这种尝试，人们会有不同的看法。我总觉得阻止这种尝试的行为是不太合适的。尽管一些尝试之后很可能使双方受到或多或少的伤害，但是，在正确的引导之下，这种尝试或许可以有一定的指导意义。\n在人际关系中，信任是极其重要的。在绝大多数情况下，旁人“无所谓的笑”是难以避免的，也可能引起进一步的伤害。因此，在一些公共场合下，“避免尴尬”几乎是必须的。由于性格的因素，一些“避免尴尬”的行为本身可能会被误解，但是，为了防止进一步的伤害，这些“避免尴尬”的行为是不得不做的，事实上，这些行为也终究是可以被理解的，有些时候确实应该包容一些。\n但可惜的是，这些行为没有发生，世俗的一幕终究还是上演了。\n","date":"2021-07-04","permalink":"https://ObsidianArch02.github.io/post/%E9%9A%8F%E6%83%B3%E5%BD%95-4/","tags":["随想录"],"title":"随想录 4"},{"content":"夏季晚间常常会有阵阵清风，令人感到十分舒适，我不清楚这种感觉从何而来，但是，这样的场景确实会令我回想起过去的一些美好的经历。\n前些年，住处离海边很近，虽然说海边也没有去过很多次，但每一次仔细端详这深蓝色画面的律动，内心便不自主地感动。\n海风甚是轻柔，仿佛带有透明的浅蓝紫色。\n“安静的海面上浮着躁动的心，明明正在涨潮，海浪却向远方退去。”\n","date":"2021-07-04","permalink":"https://ObsidianArch02.github.io/post/%E9%9A%8F%E6%83%B3%E5%BD%95-3/","tags":["随想录"],"title":"随想录 3"},{"content":"神楽坂的幻想乡异闻录 前言\n “-数据删除-足够魔幻以至于可以写成小说了。”\n这确实算是我这几年来-数据删除-，但是直到最近我才有了将其改编为小说的想法，我觉得这可能是我观念的改变所导致的，说到底，-数据删除-以及对-数据删除-的思考带给我不少启发。\n 难以忘却的过往\n 这确实是难以描述的经历，但是我告诉我自己，如果我不把这段经历写下来，那么，我自己为了避免忘记这段经历，就会不断地回想，不断地陷入沉思，再一次情绪失控，那无疑是十分糟糕的。\n大概是一年前的一次-数据删除-考试，我在浏览-数据删除-的时候偶然得到了-数据删除-的-数据删除-账号，于是故事开始了。\n实际上，那一条-数据删除-的内容大概是这样的：临近-数据删除-考试，打算闭关学习，就留一个-数据删除-供联系之用，当然也是一个树洞。\n没有人知道我的-数据删除-账号，那么就意味着我给别人发-数据删除-相当于是匿名的了，我如是想到。当然了，当时她就坐在-数据删除-，在-数据删除-里自然也有一些谈话，在接触她一段时间以后，我觉得她是一个有趣的人。于是我尝试以匿名的身份与她通过-数据删除-谈话。\n有一点我至今仍然觉得十分奇怪，第一个聊天话题竟然是如何帮助我的一个患有严重抑郁症的同学，清晰记得她当时回复的第一句话是：“这位同学是-数据删除-吗？如果是的话，或许我做点什么……”\n想必她一定是个温柔的女孩子吧……\n于是，我每天与她分享一些句子，我总是希望能传达给她一些哲理性的东西。\n……\n大概是几天之后……\n我发觉自己犯了一个十分严重的错误，邮箱并非是匿名的。\n这是真的，她知道是我，啊，真糟糕，她知道是我了，我仿佛就看到她对着屏幕在笑，一直在笑，笑得喘不过气来，发出奇怪又有些可爱的笑声，我觉得我就是一个傻子，一个彻头彻尾的傻子。\n但是，回想起来，她知道是我，她知道我只不过只是一个普通的同学罢了，一个今后只会出现在-数据删除-里的人，她知道是我，她竟然这么确定是我，她为什么要浪费这么多的时间与我聊天，她明明清楚自己在-数据删除-考试前没有多少时间了。\n也许我是有意义的……\n……\n后来，我打算直接与她在-数据删除-上交流了。\n在这段时间里，我们确确实实聊了些许自己以及对方感兴趣的话题，我教了她一些理科的东西，事实上，我们聊了许多，在这之前，我从未觉得我是一个健谈的人。\n实际上，我已经完全不在意-数据删除-考试了。\n那个下午，我们大概聊了有三四个小时，那是我最为快乐的几段时光之一。\n晚上，我们聊了一些自己以前的情感经历。我头开始发胀，意识仿佛开始漂浮。\n我终究还是没有忍住，啊，我怎么没有忍住，我怎么能说出那样-数据删除-的话！\n……\n都完了，一切都完了……\n我开始责怪自己，开始倾诉，开始爆发，她受到了伤害……\n结束了，都结束了，我都干了什么啊，我都干了什么啊，我都干了什么啊……\n我的鼻子开始酸了起来……\n 后来的后来\n 我开始看恋爱番，一发不可收拾。\n我变得暴躁，却又独自悲伤。\n我究竟怎么了？\n就没有办法回到一个月之前吗？就没有办法回到半年前吗？\n新学期，换了位子，我再也-数据删除-了，我再也没有和她说过话了……这是无尽的开始……\n她还是会笑，但是，我也许再也不会露出真正的笑容……\n每次她提到我，不特指地提到我，我就想离开，再也不想回来……泪忍不住流下来。\n我觉得我和她缺乏沟通……但是，哪里来沟通这一说呢？终究还是我的错。\n……\n我想起她-数据删除-jk，这大概是唯一留下来的东西了吧……\n 再后来\n 我为啥要编如此扯淡且耿直的故事，打上-数据删除-就还算正常一些，迫真。\n估计是思春期中二病上头罢……\n“百合花开，纯洁的白色令人陶醉。”\n","date":"2021-07-04","permalink":"https://ObsidianArch02.github.io/post/%E9%9A%8F%E6%83%B3%E5%BD%95-2/","tags":["随想录"],"title":"随想录 2"},{"content":"在原始社会，我们常常以一个人是否会使用工具、所使用的工具的先进程度如何来评判这个人的能力如何。这种人，我们往往称其为“聪明人”。然而，工业化的进程伴随着社会的变革，能够掌握一件工具背后所有原理的人已经不可能存在了。对于单一个体——一个人来说，由于现代社会中工具的高度先进性，为了在有限的时间内掌握更多的技能，我们往往只会学习工具的使用方法。\n问题在于，对于大多数人来说，即便是学习方法，同样存在着困难，这使工具的创造者不得不做出使工具尽可能易用的处理，甚至不惜损失工具性能的代价，从而，一些人变得越来越不懂得使用工具。甚至觉得工具就应该为自己服务。\n这无疑是危险的，这使得工具的创造者无比重要，而将会无人懂得使用某种工具的可能性变得越来越大。\n","date":"2021-07-04","permalink":"https://ObsidianArch02.github.io/post/%E9%9A%8F%E6%83%B3%E5%BD%95-1/","tags":["随想录"],"title":"随想录 1"}]