<?xml version="1.0" encoding="utf-8" standalone="yes"?>
<rss version="2.0" xmlns:atom="http://www.w3.org/2005/Atom">
  <channel>
    <title>Tags on ObsidianArch的随想录</title>
    <link>https://ObsidianArch02.github.io/tags/</link>
    <description>Recent content in Tags on ObsidianArch的随想录</description>
    <generator>Hugo -- gohugo.io</generator>
    <language>zh-hans</language>
    <copyright>All rights reserved - 2021</copyright>
    <lastBuildDate>Fri, 20 Aug 2021 00:00:00 +0000</lastBuildDate><atom:link href="https://ObsidianArch02.github.io/tags/index.xml" rel="self" type="application/rss+xml" />
    <item>
      <title>随想录</title>
      <link>https://ObsidianArch02.github.io/tags/%E9%9A%8F%E6%83%B3%E5%BD%95/</link>
      <pubDate>Fri, 20 Aug 2021 00:00:00 +0000</pubDate>
      
      <guid>https://ObsidianArch02.github.io/tags/%E9%9A%8F%E6%83%B3%E5%BD%95/</guid>
      <description></description>
    </item>
    
  </channel>
</rss>
