<?xml version="1.0" encoding="utf-8" standalone="yes"?>
<rss version="2.0" xmlns:atom="http://www.w3.org/2005/Atom">
  <channel>
    <title>test on ObsidianArch的随想录</title>
    <link>https://ObsidianArch02.github.io/post/marks/</link>
    <description>Recent content in test on ObsidianArch的随想录</description>
    <generator>Hugo -- gohugo.io</generator>
    <language>zh-hans</language><atom:link href="https://ObsidianArch02.github.io/post/marks/index.xml" rel="self" type="application/rss+xml" />
  </channel>
</rss>
