<?xml version="1.0" encoding="utf-8" standalone="yes"?>
<rss version="2.0" xmlns:atom="http://www.w3.org/2005/Atom">
  <channel>
    <title>ObsidianArch的随想录</title>
    <link>https://ObsidianArch02.github.io/</link>
    <description>Recent content on ObsidianArch的随想录</description>
    <generator>Hugo -- gohugo.io</generator>
    <language>zh-hans</language>
    <lastBuildDate>Sun, 28 Nov 2021 11:59:55 +0800</lastBuildDate><atom:link href="https://ObsidianArch02.github.io/index.xml" rel="self" type="application/rss+xml" />
    <item>
      <title>随想录 15</title>
      <link>https://ObsidianArch02.github.io/post/%E9%9A%8F%E6%83%B3%E5%BD%95-15/</link>
      <pubDate>Sun, 28 Nov 2021 11:59:55 +0800</pubDate>
      
      <guid>https://ObsidianArch02.github.io/post/%E9%9A%8F%E6%83%B3%E5%BD%95-15/</guid>
      <description>有时候，シャイ只感到恐惧，或头痛，或疲劳。シャイ当然知道需要做的事情仍有很多很多，但シャイ不想做。シャイ担忧不做这些事情会带给我不小的后果，这些事不得不做，或许说，不做这些事情会使シャイ陷入更大的恐惧</description>
    </item>
    
    <item>
      <title>随想录 14</title>
      <link>https://ObsidianArch02.github.io/post/%E9%9A%8F%E6%83%B3%E5%BD%95-14/</link>
      <pubDate>Sun, 28 Nov 2021 11:58:23 +0800</pubDate>
      
      <guid>https://ObsidianArch02.github.io/post/%E9%9A%8F%E6%83%B3%E5%BD%95-14/</guid>
      <description>校园生活带给シャイ的痛苦并不是所谓“枯燥的作业”与“充斥着睡意的课堂”，シャイ只是痛恨体育课而已，シャイ只是痛恨体育课只能打篮球而已，更该死的是，明明已经高三，为何相比高二，体育课变得更多了…… 倒也不</description>
    </item>
    
    <item>
      <title>随想录 13</title>
      <link>https://ObsidianArch02.github.io/post/%E9%9A%8F%E6%83%B3%E5%BD%95-13/</link>
      <pubDate>Wed, 24 Nov 2021 22:48:49 +0800</pubDate>
      
      <guid>https://ObsidianArch02.github.io/post/%E9%9A%8F%E6%83%B3%E5%BD%95-13/</guid>
      <description>シャイ难得回郊区一趟。 傍晚，シャイ登上楼顶，本来シャイ是想要拍一张晚霞的照片，由于シャイ来晚了，天空中只剩下地平线附近一些残存的光了。 幸运的是，这些残存的光使天空呈现出浅紫色，シャイ觉得非常好看。 シャ</description>
    </item>
    
    <item>
      <title>随想录 12</title>
      <link>https://ObsidianArch02.github.io/post/%E9%9A%8F%E6%83%B3%E5%BD%95-12/</link>
      <pubDate>Sat, 02 Oct 2021 13:08:50 +0800</pubDate>
      
      <guid>https://ObsidianArch02.github.io/post/%E9%9A%8F%E6%83%B3%E5%BD%95-12/</guid>
      <description>手办“HOBBYMAX 绫波丽 Ver.RADIO”看上去穿搭不错！ 相关信息： 制作：HobbyMax 发售时间：2021年3月 售价：12800日元 原画：米山舞 比例：1/7 高度：25cm</description>
    </item>
    
    <item>
      <title>随想录 11</title>
      <link>https://ObsidianArch02.github.io/post/%E9%9A%8F%E6%83%B3%E5%BD%95-11/</link>
      <pubDate>Fri, 01 Oct 2021 23:19:33 +0800</pubDate>
      
      <guid>https://ObsidianArch02.github.io/post/%E9%9A%8F%E6%83%B3%E5%BD%95-11/</guid>
      <description>前些天看到在QQ群中的一些言论： “那些没接触过亚文化的家长想消灭这些的欲望，是不是和我想消灭短视频的欲望有相通之处？当然不通之处海了去。” “比如说对我而言，短视频就和蚊子一样，我希望世界上没有蚊子。但</description>
    </item>
    
    <item>
      <title>随想录 10</title>
      <link>https://ObsidianArch02.github.io/post/%E9%9A%8F%E6%83%B3%E5%BD%95-10/</link>
      <pubDate>Sun, 29 Aug 2021 17:08:17 +0800</pubDate>
      
      <guid>https://ObsidianArch02.github.io/post/%E9%9A%8F%E6%83%B3%E5%BD%95-10/</guid>
      <description>书读少了，就容易陷入肤浅的娱乐之中。 人总是有所追求的，换句话说，生活是需要内驱力的。大多数情况下，人们迫于无奈，追求及时行乐。肤浅的娱乐容易使人获得短暂的“快乐”，为了持续性的“快乐”，人们便愈加渴求</description>
    </item>
    
    <item>
      <title>随想录 9</title>
      <link>https://ObsidianArch02.github.io/post/%E9%9A%8F%E6%83%B3%E5%BD%95-9/</link>
      <pubDate>Thu, 26 Aug 2021 11:20:27 +0800</pubDate>
      
      <guid>https://ObsidianArch02.github.io/post/%E9%9A%8F%E6%83%B3%E5%BD%95-9/</guid>
      <description>做题家的前半生 所谓做题家，是希望在高考中拿到好成绩，以此成就美好人生的人，他们通过刷题这种简单而有效的手段来提高自己。做题家的手段是切实可行的，做题家的目标是积极向上的，唯一的问题在于，当所有人都不自</description>
    </item>
    
    <item>
      <title>随想录 8</title>
      <link>https://ObsidianArch02.github.io/post/%E9%9A%8F%E6%83%B3%E5%BD%95-8/</link>
      <pubDate>Mon, 23 Aug 2021 00:21:00 +0800</pubDate>
      
      <guid>https://ObsidianArch02.github.io/post/%E9%9A%8F%E6%83%B3%E5%BD%95-8/</guid>
      <description>我本不觉得保留记忆是可悲的。 经常瞥见旁人在刷短视频，免不了的是短视频音频的刺耳噪音。只是在某些时候并不是这样，甚至听到了坂本龙一的rain，这种情况是少有的；于是我带着一丝希望，问道： “这个曲子好像挺</description>
    </item>
    
    <item>
      <title>关于 GitHub 访问缓慢这件事</title>
      <link>https://ObsidianArch02.github.io/post/%E5%85%B3%E4%BA%8E-github-%E8%AE%BF%E9%97%AE%E7%BC%93%E6%85%A2%E8%BF%99%E4%BB%B6%E4%BA%8B/</link>
      <pubDate>Sun, 22 Aug 2021 20:59:00 +0800</pubDate>
      
      <guid>https://ObsidianArch02.github.io/post/%E5%85%B3%E4%BA%8E-github-%E8%AE%BF%E9%97%AE%E7%BC%93%E6%85%A2%E8%BF%99%E4%BB%B6%E4%BA%8B/</guid>
      <description>太痛苦了，在做一件事之前永远不知道做这件事有多困难…… 一开始： “Failed to connect to github.com port 443: Operation timed out” 再次尝试： “Failed to connect to github.com port 443: Operation timed out” …… 第4次尝试： “Failed to connect to github.com port 443: Operation timed out</description>
    </item>
    
    <item>
      <title>About</title>
      <link>https://ObsidianArch02.github.io/about/</link>
      <pubDate>Sun, 22 Aug 2021 00:00:00 +0000</pubDate>
      
      <guid>https://ObsidianArch02.github.io/about/</guid>
      <description>我是谁？ 妳or你可以用 “ObsidianArch”或者“シャイ”来称呼我。 我发现自己会在没有思考其他事情的时候，在脑中自言自语，或者说，和自己说话。我经常性地觉得这些“说话”的内容或许是有意义的，也许</description>
    </item>
    
    <item>
      <title>随想录 7</title>
      <link>https://ObsidianArch02.github.io/post/%E9%9A%8F%E6%83%B3%E5%BD%95-7/</link>
      <pubDate>Thu, 19 Aug 2021 22:07:00 +0800</pubDate>
      
      <guid>https://ObsidianArch02.github.io/post/%E9%9A%8F%E6%83%B3%E5%BD%95-7/</guid>
      <description>丢失记忆的恐惧 我总感觉回忆总是带给我不少痛苦，并且，在许多时候，我非常担忧我没有完成的臆想任务。尽管如此，我仍然无法克制自己不断的去回忆往事，尽管这是非常痛苦的，但是我坚信如果我忘记这些看似无关紧要的</description>
    </item>
    
    <item>
      <title>随想录 6</title>
      <link>https://ObsidianArch02.github.io/post/%E9%9A%8F%E6%83%B3%E5%BD%95-6/</link>
      <pubDate>Tue, 10 Aug 2021 10:34:00 +0800</pubDate>
      
      <guid>https://ObsidianArch02.github.io/post/%E9%9A%8F%E6%83%B3%E5%BD%95-6/</guid>
      <description>鲁迅对于荷花淀的评价值得一读 “喜欢ta（这部作品），留下ta，这便是艺术吧……” 我忍不住去操场上跑步，她坐在操场上，与好友谈人生，大概如此。每当将要近乎窒息，我闭上眼，抬起头，只管向前冲，我就感到片刻</description>
    </item>
    
    <item>
      <title>摘录 1</title>
      <link>https://ObsidianArch02.github.io/post/%E6%91%98%E5%BD%95-1/</link>
      <pubDate>Thu, 05 Aug 2021 15:53:00 +0800</pubDate>
      
      <guid>https://ObsidianArch02.github.io/post/%E6%91%98%E5%BD%95-1/</guid>
      <description>源自一个东方二创视频评论，但是很可惜，我已经找不到出处了。 高动态范围的影像也好，极富日本风味的情景也好，都敌不过真正的天空的颜色。仍拥有这种前一个时代的认识的人，恐怕已经不存在了。虚拟的感觉，比起现实</description>
    </item>
    
    <item>
      <title>随想录 5</title>
      <link>https://ObsidianArch02.github.io/post/%E9%9A%8F%E6%83%B3%E5%BD%95-5/</link>
      <pubDate>Thu, 29 Jul 2021 16:26:00 +0800</pubDate>
      
      <guid>https://ObsidianArch02.github.io/post/%E9%9A%8F%E6%83%B3%E5%BD%95-5/</guid>
      <description>风暴中的幻想 雨慢慢变小了。 昨夜的疾风骤雨使人寒战，而现在，只是有一些风，有别于往常夏夜，冷，诡异，耳边只有窗帘起伏的摩擦声以及蝉鸣，但是毫不安静。 蓝色的海，粉色的天，白色的衣，那是梦，一切都被精致地安</description>
    </item>
    
    <item>
      <title>随想录 4</title>
      <link>https://ObsidianArch02.github.io/post/%E9%9A%8F%E6%83%B3%E5%BD%95-4/</link>
      <pubDate>Sun, 04 Jul 2021 13:39:00 +0800</pubDate>
      
      <guid>https://ObsidianArch02.github.io/post/%E9%9A%8F%E6%83%B3%E5%BD%95-4/</guid>
      <description>在忘却的救主到来之前…… “5月28日下午，我听到了一些笑声。” “关系中相互的共有应答性，是不那么容易建立起来的。” “共有应答性，指的是在多大程度上，一个人发自内心地觉得自己对关系中另一方的幸福负有责任</description>
    </item>
    
    <item>
      <title>随想录 3</title>
      <link>https://ObsidianArch02.github.io/post/%E9%9A%8F%E6%83%B3%E5%BD%95-3/</link>
      <pubDate>Sun, 04 Jul 2021 13:37:00 +0800</pubDate>
      
      <guid>https://ObsidianArch02.github.io/post/%E9%9A%8F%E6%83%B3%E5%BD%95-3/</guid>
      <description>夏季晚间常常会有阵阵清风，令人感到十分舒适，我不清楚这种感觉从何而来，但是，这样的场景确实会令我回想起过去的一些美好的经历。 前些年，住处离海边很近，虽然说海边也没有去过很多次，但每一次仔细端详这深蓝色</description>
    </item>
    
    <item>
      <title>随想录 2</title>
      <link>https://ObsidianArch02.github.io/post/%E9%9A%8F%E6%83%B3%E5%BD%95-2/</link>
      <pubDate>Sun, 04 Jul 2021 13:36:00 +0800</pubDate>
      
      <guid>https://ObsidianArch02.github.io/post/%E9%9A%8F%E6%83%B3%E5%BD%95-2/</guid>
      <description>神楽坂的幻想乡异闻录 前言 “-数据删除-足够魔幻以至于可以写成小说了。” 这确实算是我这几年来-数据删除-，但是直到最近我才有了将其改编为小说的想法，我觉得这可能是我观念的改变所导致的，说到底，-数据删除</description>
    </item>
    
    <item>
      <title>随想录 1</title>
      <link>https://ObsidianArch02.github.io/post/%E9%9A%8F%E6%83%B3%E5%BD%95-1/</link>
      <pubDate>Sun, 04 Jul 2021 13:35:00 +0800</pubDate>
      
      <guid>https://ObsidianArch02.github.io/post/%E9%9A%8F%E6%83%B3%E5%BD%95-1/</guid>
      <description>在原始社会，我们常常以一个人是否会使用工具、所使用的工具的先进程度如何来评判这个人的能力如何。这种人，我们往往称其为“聪明人”。然而，工业化的进程伴随着社会的变革，能够掌握一件工具背后所有原理的人已经</description>
    </item>
    
    <item>
      <title>友链</title>
      <link>https://ObsidianArch02.github.io/links/</link>
      <pubDate>Mon, 01 Jan 0001 00:00:00 +0000</pubDate>
      
      <guid>https://ObsidianArch02.github.io/links/</guid>
      <description>列表 404</description>
    </item>
    
  </channel>
</rss>
